<?xml version="1.0" encoding="UTF-8"?>
<LightningComponentBundle xmlns="http://soap.sforce.com/2006/04/metadata">
<apiVersion>47.0</apiVersion>
<isExposed>true</isExposed>
<targets>
    <target>lightning__HomePage</target>
    <target>lightning__AppPage</target>
    <target>lightning__RecordPage</target>
</targets>
<targetConfigs>
    <targetConfig targets="lightning__HomePage,lightning__AppPage">
        <property name="greeting" type="String" label="Greet to?"></property>
    </targetConfig>
</targetConfigs>

</LightningComponentBundle>